{
  "credit": "Made with Blockbench",
  "parent": "builtin/entity",
  "display": {
    "thirdperson_righthand": {
      "translation": [
        -0.75,
        -17,
        6.75
      ],
      "scale": [
        1.6484375,
        1.6484375,
        1.6484375
      ]
    },
    "thirdperson_lefthand": {
      "translation": [
        1,
        -17,
        6.75
      ],
      "scale": [
        1.6484375,
        1.6484375,
        1.6484375
      ]
    },
    "firstperson_righthand": {
      "rotation": [
        23,
        21,
        1
      ],
      "translation": [
        0.5,
        -6.75,
        2.25
      ]
    },
    "firstperson_lefthand": {
      "rotation": [
        20,
        -20,
        1
      ],
      "translation": [
        -2.5,
        -6,
        2.75
      ]
    },
    "ground": {
      "scale": [
        4.626953125,
        4.626953125,
        4.626953125
      ]
    },
    "gui": {
      "rotation": [
        90,
        70.5,
        -90
      ],
      "translation": [
        -1.5,
        -8.75,
        0
      ],
      "scale": [
        0.328125,
        1,
        1
      ]
    },
    "head": {
      "rotation": [
        0,
        0,
        90
      ],
      "translation": [
        9,
        -23.25,
        -4.5
      ]
    },
    "fixed": {
      "rotation": [
        90,
        -56,
        90
      ],
      "translation": [
        4.5,
        -8.25,
        0
      ],
      "scale": [
        1.1015625,
        1.1015625,
        1.1015625
      ]
    }
  }
}