{
  "parent": "minecraft:builtin/entity",
  "texture_size": [
    64,
    64
  ],
  "display": {
    "thirdperson_righthand": {
      "translation": [
        0,
        -3,
        2
      ],
      "scale": [
        1.0999999999999999,
        1.0999999999999999,
        1.0999999999999999
      ]
    },
    "thirdperson_lefthand": {
      "translation": [
        0,
        -3,
        2
      ],
      "scale": [
        1.0999999999999999,
        1.0999999999999999,
        1.0999999999999999
      ]
    },
    "firstperson_righthand": {
      "translation": [
        2,
        -2,
        0
      ],
      "scale": [
        1.0999999999999999,
        1.0999999999999999,
        1.0999999999999999
      ]
    },
    "firstperson_lefthand": {
      "translation": [
        2,
        -2,
        0
      ],
      "scale": [
        1.0999999999999999,
        1.0999999999999999,
        1.0999999999999999
      ]
    },
    "ground": {
      "scale": [
        1.0999999999999999,
        1.0999999999999999,
        1.0999999999999999
      ]
    },
    "gui": {
      "rotation": [
        0,
        180,
        45
      ],
      "translation": [
        -5,
        -5,
        0
      ],
      "scale": [
        0.5,
        0.5,
        0.5
      ]
    },
    "head": {
      "rotation": [
        -67,
        0,
        0
      ],
      "translation": [
        0,
        -30,
        2
      ],
      "scale": [
        1.0999999999999999,
        1.0999999999999999,
        1.0999999999999999
      ]
    },
    "fixed": {
      "rotation": [
        0,
        0,
        45
      ],
      "translation": [
        5,
        -5,
        0
      ],
      "scale": [
        1.0999999999999999,
        1.0999999999999999,
        1.0999999999999999
      ]
    }
  }
}